{"input": [[0.1513786173957098, 0.08257030204249353], [0.3512420801353635, 0.055470176593966906], [0.24644943329790706, 0.1097910520709893], [0.2508442810085401, 0.14231143231344015], [0.28536741862638815, -0.007637933807827943], [0.15941240713120564, 0.1512283076375985], [0.29807810839953297, 0.14278138625026862], [0.1727996840022741, 0.04871265960002999], [0.2999028652531739, 0.13492931309897152], [0.19908448091099407, 0.14144812472735221]], "Gempy_output": [[2.9999999999984754, 2.9999999999995546, 2.9999999999995715, 2.9999999999986997, 2.4164000451669674, 2.0097301064400654, 2.0098564920660937, 2.427712590976321, 1.000080852394166, 1.000000142426559, 1.0000001354392414, 1.0000720238777738, 1.0, 1.0, 1.0, 1.0], [2.9999999999931974, 2.9999999997163975, 2.9999999997125513, 2.999999999992819, 2.1087453962320675, 2.037614230621554, 2.0375242678959866, 2.1073853043180333, 1.0000208705092528, 1.2872948867992147, 1.2910536568997761, 1.0000217788170347, 1.0000000000000004, 1.0000000000109244, 1.0000000000110472, 1.0000000000000009], [2.9999999999999996, 3.0, 3.0, 2.9999999999999996, 2.0041790367424794, 2.18842072955467, 2.1883678399904563, 2.0041630032967315, 1.0000000005138148, 1.000000182391874, 1.0000001839718855, 1.0000000005245422, 1.0, 1.0, 1.0, 1.0], [2.999999999999997, 3.0, 3.0, 2.999999999999997, 2.001002735944966, 2.959049834029095, 2.9592564842803926, 2.0010255715043117, 1.0000000002417901, 1.00000014385599, 1.0000001418205708, 1.000000000234448, 1.0, 1.0, 1.0, 1.0], [2.9999999999687548, 2.999999615892168, 2.999999609423008, 2.9999999999665623, 2.362262130474924, 1.9997907720933883, 1.9997547804510662, 2.357361102335064, 1.00002145927244, 1.011988347354421, 1.0122325280228266, 1.000022478813872, 1.0, 1.0000000000000084, 1.0000000000000084, 1.0], [2.999999780303093, 2.9999999503607504, 2.9999999521367493, 2.9999998105088506, 2.0056408540889046, 2.081152714555634, 2.0858153764624245, 2.0286533464109002, 1.0169095769989287, 1.2527578581590295, 1.2430776711562233, 1.0152886804618806, 1.0000000000033973, 1.000000000027998, 1.0000000000272298, 1.000000000003043], [2.9999999999999845, 3.0, 3.0, 2.999999999999984, 2.001168110940858, 2.9222824420907303, 2.9223315553230935, 2.0011661714871174, 1.0000000022480826, 1.001570239879063, 1.0015906928382285, 1.000000002320948, 1.0, 1.0, 1.0, 1.0], [3.0, 2.9999999999997726, 2.9999999999997726, 3.0, 2.3547152696807925, 2.0000287269595582, 2.0000286558683724, 2.3534774390612423, 1.0000000572632302, 1.000000000020287, 1.0000000000202172, 1.0000000567099308, 1.0, 1.0, 1.0, 1.0], [2.999999999999981, 2.9999999999999996, 2.9999999999999996, 2.99999999999998, 2.0019260467216684, 2.827430846882579, 2.8274250014628373, 2.0019166732707827, 1.0000000050976399, 1.0025174766225509, 1.002556204988903, 1.0000000052901514, 1.0, 1.0, 1.0, 1.0], [2.999999999406769, 2.9999999999987206, 2.9999999999987805, 2.9999999995116697, 2.130901299788613, 2.7979053656355406, 2.799883456660433, 2.1387568339392082, 1.0000817495917829, 1.0000245536559187, 1.0000231486949833, 1.000071484782005, 1.0, 1.0, 1.0, 1.0]], "Jacobian_Gempy": [[[4.5270665568938997e-10, -5.085172287844396e-10], [1.1550993237638634e-10, -7.293812383997719e-11], [1.109207774782172e-10, -6.989940975993109e-11], [3.8448457955155523e-10, -4.309396520881596e-10], [-8.690516154702507, -2.2661076327412246], [-0.4136397065321799, 1.948633787955576], [-0.42841944883047267, 1.9734476941799026], [-8.861658543553759, -2.093131044263103], [-0.016241057004458534, 0.012518466085473204], [-4.776971459485673e-05, 4.991060185635871e-05], [-4.537854456860207e-05, 4.738354744279009e-05], [-0.014411245040324983, 0.01105918182195674], [-6.884235491567996e-16, 5.963042599569391e-16], [-6.239949489665728e-18, 5.965580587901131e-18], [-6.046743386276773e-18, 5.779281386593649e-18], [-6.071038149296471e-16, 5.250125786165405e-16]], [[-1.7846976115906437e-10, 3.136077537281198e-10], [-3.898827470730231e-09, 3.586185969060073e-08], [-3.940796157254469e-09, 3.63524144356354e-08], [-1.8727813484807821e-10, 3.3153025457391595e-10], [0.41980408102707223, -3.1082043332255385], [0.2502959980444208, 1.3429396078669749], [0.2501666404341223, 1.340674818234164], [0.4206397177880614, -3.0682907557822077], [0.0007940801558947511, -0.0009418684179666528], [9.692315549473236, -0.07674429855984499], [9.758893587746982, -0.075935629125226], [0.0008266767342189202, -0.0009822236816489534], [5.772696578850132e-14, -3.698759406769557e-14], [1.446688019868087e-09, -3.201612041553408e-10], [1.4626492820809455e-09, -3.23744576071185e-10], [6.031872133043602e-14, -3.867824020119432e-14]], [[-2.394219638134597e-14, 6.3586733693947116e-15], [-2.8533406240810613e-15, 5.302234775609005e-15], [-2.878302295737383e-15, 5.342255896359705e-15], [-2.4932039197017058e-14, 7.043468994473204e-15], [-0.0023763047762334066, -0.25819725240838337], [2.66078582129553, 18.925566024184292], [2.647492487546465, 18.94351122638908], [-0.004259543257749326, -0.2544398064070038], [2.887701171193719e-08, -4.310513663616728e-08], [4.520783394597528e-05, -1.4740659828461676e-05], [4.570079885115501e-05, -1.4971396310503087e-05], [3.014965434083361e-08, -4.466418858422234e-08], [8.908946455543515e-25, -7.117985607847826e-25], [1.8235713910837865e-22, -8.836908249291717e-23], [1.8345872880834057e-22, -8.899338857995891e-23], [9.155316526489392e-25, -7.327769355884973e-25]], [[2.37940907679541e-13, -5.807324534654739e-13], [9.905046790384981e-18, -3.746594588624996e-18], [9.522022299402642e-18, -3.4483397626141422e-18], [2.1462687286286588e-13, -5.381447514479404e-13], [-0.044241268145563756, -0.005749659732264267], [-0.07859774815228926, 5.39094310493713], [-0.08535090214946717, 5.373623145454827], [-0.046238688215740786, -0.004765849175091569], [-1.8435884373556614e-08, 1.574996455648837e-08], [2.397599657793512e-05, 4.087556491273137e-06], [2.3792385007511646e-05, 3.883550693654472e-06], [-1.728249955104198e-08, 1.4722743955677707e-08], [-4.08238313677386e-26, 1.1760331440081356e-25], [1.6115687847946582e-23, 5.081459161519856e-24], [1.6029697008387768e-23, 4.975628955732534e-24], [-3.666243625903721e-26, 1.109096694893913e-25]], [[-1.0760246122129483e-09, 1.9358049072576535e-09], [-3.4354826350199317e-06, 4.7443261349689e-05], [-3.475766954422351e-06, 4.8244102486733964e-05], [-1.1453023129371049e-09, 2.072443247659476e-09], [0.47368656345792814, -5.566786526710935], [-0.09878302263879712, 0.37187819111147036], [-0.0995578930531602, 0.37298989568126917], [0.48841060539715286, -5.52592575361826], [0.0009203109438632052, -0.0008862781802922663], [0.9103056257134332, -0.19539604159817348], [0.9280907328362256, -0.1991952196350626], [0.0009619494012597703, -0.0009276220526344674], [2.990297234729278e-15, -1.7764663531606944e-15], [1.3501749515096997e-12, -4.183297337745394e-13], [1.3672186178810158e-12, -4.2364574984542515e-13], [3.1420587929819414e-15, -1.8676913599416195e-15]], [[4.640529273426718e-06, -5.721218339892805e-06], [4.12249896618056e-06, -4.68821767488954e-06], [3.989035479894012e-06, -4.535105265837886e-06], [4.227519407741737e-06, -5.169178397169505e-06], [0.41352411102300835, -0.33054365660672147], [12.766864528531698, -13.496153078780424], [12.790116042218187, -13.520381842162095], [0.5820545515635445, -0.5063084281745205], [-0.2410708687464691, 0.25426581540870075], [-17.99993060057966, 18.264555617908456], [-17.48418751178332, 17.742931327537804], [-0.2308947059040527, 0.24332087780492984], [-1.7720696302316415e-10, 1.768218371067945e-10], [-3.0498360647968474e-09, 3.032419113235277e-09], [-2.97239004185569e-09, 2.9556970040403764e-09], [-1.6146703718858175e-10, 1.6123036784656273e-10]], [[-1.1562851917674706e-12, -6.193419972483837e-14], [-2.6531443269442183e-15, 3.56644878539086e-15], [-2.6752828906638768e-15, 3.597738632952678e-15], [-1.1982973716064042e-12, -4.530325870112506e-14], [0.02816663048963665, -0.06671076412772284], [-1.2643424189196684, 8.320848696176535], [-1.266083378877311, 8.322742444745408], 